{
    "01 – Xerém x Duque de Caxias": [],
    "NC01 – Centro x Guarajuba": [],
    "Metrô Linha 1 - Laranja": [],
    "L1 – Estação UFRJ x Gráfica": [],
    "Intercampi 1 – Cidade Universitária x Praia Vermelha": [],
    "001 – Mirandela x Cabral": [],
    "001R – Mirandela x Rodoviária": [],
    "01 – Soares Neiva x Rodoviária": [],
    "01 – Nova Iguaçu x Cabuçu": [],
    "01 – Queimados x Ponte Preta": [],
    "VLT Linha 1 - Santos Dumont x Praia Formosa": [],
    "02 – Capivari x Duque de Caxias": [],
    "NC02 – Cascata x Lages": [],
    "002 – Morro Agudo x Nova Iguaçu": [],
    "Metrô Linha 2 - Verde": [],
    "Intercampi 2 – Cidade Universitária x Praia Vermelha": [],
    "002 – Manoel Reis x Rodoviária": [],
    "02 – Cabral x Paiol": [],
    "02 – Nova Iguaçu x KM 32": [],
    "02 – Queimados x Jardim da Fonte": [],
    "VLT Linha 2 - Praça XV x Praia Formosa": [],
    "NC03 – Sabugo x Loteamento": [],
    "003 – Morro Agudo x Nova Iguaçu": [],
    "L3 – Estação UFRJ x Residência Estudantil": [],
    "Intercampi 3 – Cidade Universitária x Praça XV": [],
    "03 – Pedro Álvares Cabral x Novo Horizonte": [],
    "03 – Nova Iguaçu x Rosa dos Ventos": [],
    "03 – Queimados x Granja Alzira": [],
    "VLT Linha 3 - Santos Dumont x Central": [],
    "004 – Santa Eugenia x Nova Iguaçu": [],
    "Metrô Linha 4 - Amarela": [],
    "L4 – Estação UFRJ x Parque Tecnológico": [],
    "Intercampi 4 – Cidade Universitária x Bonsucesso": [],
    "Intercampi 4A – Cidade Universitária x Cascadura": [],
    "04 – Nova Cidade x Paiol": [],
    "04 – Nova Iguaçu x Palhada": [],
    "04 – Queimados x Parque Industrial": [],
    "VLT Linha 4 - Terminal Gentileza x Praça XV": [],
    "NC05 – Nova Era x Guarajuba": [],
    "L5 – Expresso – Estação UFRJ x Letras": [],
    "05 – Nova Cidade x Prefeitura": [],
    "05 – Nova Iguaçu x Riachão": [],
    "05 – Queimados x Santo Expedito": [],
    "06 – Santa Tereza x Hospital Infantil": [],
    "NC06 – Centro x Bom Jardim": [],
    "006 – Silvestre x Castelo": [],
    "06 – Cabral x Maria Braga": [],
    "06 – Nova Iguaçu x Jardim Laranjeiras": [],
    "NC07 – Ponte Coberta x Centro": [],
    "007 – Silvestre x Central": [],
    "07 – Nilópolis x Paiolzinho": [],
    "07B – Nilópolis x Alto Cabuis": [],
    "007 – Nova Iguaçu x Austin": [],
    "07 – Nova Iguaçu x Jardim Alvorada": [],
    "NC08 – Centro x Saudoso": [],
    "08 – Nova Iguaçu x Bairro Aliança": [],
    "09 – Chacrinha x Bela Vista": [],
    "NC09 – Nova Era x Paraíso": [],
    "09 – Nova Iguaçu x Lagoinha": [],
    "BRT 10 - Terminal Santa Cruz x Terminal Alvorada": [],
    "010 – Bairro de Fátima x Central": [],
    "010 – Nova Iguaçu x Austin": [],
    "10 – Nova Iguaçu x Jardim Palmares": [],
    "10 – Queimados x Santa Rosa": [],
    "BRT 11N - Terminal Santa Cruz x Terminal Alvorada": [],
    "11 – Bom Retiro x Duque de Caxias": [],
    "011 – Jardim Leal x Bar dos Cavaleiros": [],
    "011.1 – Jardim Leal x Bar dos Cavaleiros": [],
    "011.2 – Jardim Leal x Bar dos Cavaleiros": [],
    "Km 11 x Limoeiro": [],
    "11 – Nova Iguaçu x Jardim Roma": [],
    "11 – Queimados x Coimbra": [],
    "BRT 12 - Pingo D'Água x Terminal Alvorada": [],
    "012 – 21 de Abril x Bar dos Cavaleiros": [],
    "012.1 – 21 de Abril x Bar dos Cavaleiros": [],
    "012.2 – Igreja de São Jorge x Bar dos Cavaleiros": [],
    "12 – Nova Iguaçu x Faculdade": [],
    "12 – Queimados x Vila Americana": [],
    "BRT 13 - Terminal Mato Alto x Terminal Alvorada": [],
    "13 – Hospital Infantil x Gramacho": [],
    "013 – Santo Cristo x Paula Matos": [],
    "13 – Nova Iguaçu x Ouro Preto": [],
    "13 – Queimados x Santiago": [],
    "BRT 14 - Terminal Recreio x Paciência/Santa Eugênia": [],
    "14 – Hospital Infantil x Gramacho": [],
    "014 – Paula Matos x Castelo": [],
    "14 – Queimados x Nossa Senhora da Conceição": [],
    "BRT 15 - Terminal Curral Falso x Terminal Alvorada": [],
    "15 – Duque de Caxias x Pantanal": [],
    "15I – Duque de Caxias x São Bento": [],
    "MB15 – Magé x Cachoeiras de Macacu": [],
    "15 – Nova Iguaçu x Prados Verdes": [],
    "15 – Queimados x Parque Olímpico": [],
    "BRT 16 - Terminal Magarça x Terminal Alvorada": [],
    "016 – Jardim Gramacho x Hospital Duque de Caxias": [],
    "16 – Nova Iguaçu x Campo Belo": [],
    "BRT 17 - Terminal Campo Grande x Terminal Santa Cruz": [],
    "017 – Periquitos x Variante": [],
    "BRT 18 - Pontal x Terminal Jardim Oceânico": [],
    "018 – Olavo Bilac x Estádio Correa Mayer": [],
    "018 – Parada Angélica x Duque de Caxias": [],
    "BRT 19 - Pingo D'Água x Salvador Allende": [],
    "019 – COHAB x Hospital Duque de Caxias": [],
    "019 – COHAB x Olavo Bilac": [],
    "BRT 20 - Terminal Santa Cruz x Salvador Allende": [],
    "20 – Parque das Missões x Bela Vista": [],
    "BRT 22 - Terminal Jardim Oceânico x Terminal Alvorada": [],
    "022 – Centenário x Carrefour": [],
    "022 – Santa Cruz da Serra x Parada Angélica": [],
    "23 – Xerém x Santo Antônio": [],
    "023 – Nova Campinas x Duque de Caxias": [],
    "23M – Imbariê x Duque de Caxias": [],
    "024 – Campos Elíseos x Jardim Primavera": [],
    "BRT 25A - Terminal Mato Alto x Terminal Alvorada": [],
    "025 – Parque Independência x Duque de Caxias": [],
    "26 – Duque de Caxias x João Pessoa": [],
    "026 – Nova Campinas x Duque de Caxias": [],
    "26M – Parada Morabi x Duque de Caxias": [],
    "27 – Duque de Caxias x Parque Chuno": [],
    "BRT 28 - Pingo D'Água x Terminal Curral Falso": [],
    "28 – Olavo Bilac x Variante": [],
    "29 – Olavo Bilac x Gramacho": [],
    "30 – Hospital Infantil x Gramacho": [],
    "BRT 31 - Terminal Alvorada x Vicente de Carvalho": [],
    "31 – Amapá x Xerém": [],
    "33 – Duque de Caxias x Parque Fluminense": [],
    "34 – Hospital Infantil x Gramacho": [],
    "BRT 35 - Terminal Paulo da Portela x Terminal Alvorada": [],
    "BRT 40 - Terminal Paulo da Portela x Terminal Alvorada": [],
    "BRT 41 - Terminal Paulo da Portela x Terminal Recreio": [],
    "BRT 42 - Madureira x Aeroporto Tom Jobim/Galeão": [],
    "BRT 43 - Santa Efigênia x Terminal Aroldo Melodia": [],
    "BRT 46 - Penha x Terminal Alvorada": [],
    "46 – Ilha x Duque de Caxias": [],
    "BRT 50 - Terminal Centro Olímpico x Terminal Jardim Oceânico": [],
    "BRT 51 - Terminal Recreio x Terminal Deodoro": [],
    "BRT 52 - Terminal Deodoro x Terminal Alvorada": [],
    "BRT 53 - Terminal Sulacap x Terminal Alvorada": [],
    "BRT 60 - Terminal Deodoro x Terminal Gentileza": [],
    "BRT 61 - Terminal Deodoro x Terminal Gentileza": [],
    "BRT 67 - Terminal Campo Grande x Terminal Deodoro": [],
    "BRT 68 - Terminal Deodoro x Terminal Bangu": [],
    "68 – Xerém x Duque de Caxias": [],
    "BRT 71 - Vigário Geral/Praça Dois x Terminal Gentileza": [],
    "71 – Parque Paulista x Duque de Caxias": [],
    "BRT 80 - Penha x Terminal Gentileza": [],
    "BRT 90 - Terminal Aroldo Melodia x Terminal Gentileza": [],
    "101C – Parque Lafaiete x Central": [],
    "101 – Nova Iguaçu x Cacuia": [],
    "102C – Gramacho x Central": [],
    "102 – Nova Iguaçu x Cerâmica": [],
    "103C – Duque de Caxias x Central": [],
    "103 – Nova Iguaçu x Cerâmica": [],
    "103B – Nova Iguaçu x Cerâmica": [],
    "103I – Nilópolis x Shopping Grande Rio": [],
    "104C – Parque Lafaiete x Candelária": [],
    "104": [],
    "104I – Nilópolis x Pavuna": [],
    "105P – Paracambi x Nova Iguaçu": [],
    "105 – Nova Iguaçu x Ruas “E” e “F”": [],
    "106P – Paracambi x Nova Iguaçu": [],
    "106P2 – Paracambi x Japeri": [],
    "106 – Nova Iguaçu x Carmary": [],
    "106I – Nilópolis x São João de Meriti": [],
    "107P – Paracambi x Nova Iguaçu": [],
    "107 – Nova Iguaçu x Com. Soares": [],
    "107 – Central x Urca": [],
    "108C – Duque de Caxias x Estácio": [],
    "108": [],
    "108 – Nova Iguaçu x Avenida Antônio Cunha": [],
    "108I – Duque de Caxias x São João de Meriti": [],
    "109 – Nova Iguaçu x Praça do Batuta": [],
    "109 – Santo Cristo x São Conrado": [],
    "109I – Duque de Caxias x São João de Meriti": [],
    "110 – Rodoviária x Leblon": [],
    "110 – Nova Iguaçu x Carmary": [],
    "110I – Duque de Caxias x São João de Meriti": [],
    "111C – Duque de Caxias x Central": [],
    "111 – Nova Iguaçu x Praça da Batuta": [],
    "112C – Duque de Caxias x Central": [],
    "112I – Japeri x Paracambi": [],
    "112 – Nova Iguaçu x Três Fontes": [],
    "112 – Rodoviária x Alto Gávea": [],
    "112B – Itaguaí x Central": [],
    "113C – Duque de Caxias x Cidade Universitária": [],
    "113B – Nova Iguaçu x Central": [],
    "113D – Itaguaí x Niterói": [],
    "114I – Seropédica x Japeri": [],
    "114B – Nova Iguaçu x Central": [],
    "115I – Duque de Caxias x Nova Iguaçu": [],
    "116T – Itaguaí x Mangaratiba": [],
    "116 – Tinguazinho x Rio D' Ouro": [],
    "116I – Duque de Caxias x Nova Iguaçu": [],
    "117T – Itaguaí x Mangaratiba": [],
    "117": [],
    "117 – Nova Iguaçu x Com. Soares": [],
    "118 – Nova Iguaçu x Avenida Antônio Cunha": [],
    "118B – Nova Iguaçu x Candelária": [],
    "119T – Duque de Caxias x Itaguaí": [],
    "119 – Nova Iguaçu x Corumbá": [],
    "120I – Nova Iguaçu x Belford Roxo": [],
    "120 – Nova Iguaçu x Gerard Danon": [],
    "120T – Duque de Caxias x Itaguaí": [],
    "121T – Duque de Caxias x Itaguaí": [],
    "121Q – Magé x Niterói": [],
    "122T – Itaguaí x Mangaratiba": [],
    "122Q – Magé x Alcântara": [],
    "122B – Comendador Sores x Central": [],
    "123Q – Magé x Venda das Pedras": [],
    "123 – Nova Iguaçu x Vila de Cava": [],
    "124B – Nilópolis x Candelária": [],
    "124 – Nova Iguaçu x Santa Rita": [],
    "125C – Magé x Central": [],
    "125Q – Aldeia da Prata x São Gonçalo": [],
    "125": [],
    "125 – Nova Iguaçu x Miguel Couto": [],
    "126I – Magé x Duque de Caxias": [],
    "126 – Nova Iguaçu x Vila de Cava": [],
    "127C – Magé x Candelária": [],
    "127 – Nova Iguaçu x Nova América": [],
    "128 – Austin x Carlos Sampaio": [],
    "129 – Nova Iguaçu x Nova Brasilia": [],
    "129 – Nova Iguaçu x Nova Brasília": [],
    "130 – Nova Iguaçu x Adrianópolis": [],
    "131I – Nilópolis x Central": [],
    "131 – Nova Iguaçu x ATA": [],
    "131I – Duque de Caxias x Nova Iguaçu": [],
    "132 – Nova Iguaçu x Rio D´Ouro": [],
    "132 – Nova Iguaçu x Rio D’Ouro": [],
    "133 – Terminal Gentileza x Largo do Machado": [],
    "133B – Nova Iguaçu x Central": [],
    "133 – Rodoviária x Largo do Machado": [],
    "133 – Nova Iguaçu x Bairro Amaral": [],
    "134 – Nova Iguaçu x Cobrex": [],
    "134B – Nova Iguaçu x Vila Isabel": [],
    "134I – Duque de Caxias x Nova Iguaçu": [],
    "135 – Nova Iguaçu x Bairro Botafogo": [],
    "136I – Duque de Caxias x Nova Iguaçu": [],
    "137 – Nova Iguaçu x Vila de Cava": [],
    "137I – Duque de Caxias x Nova Iguaçu": [],
    "138 – Nova Iguaçu x Miguel Couto": [],
    "138I – Duque de Caxias x Nilópolis": [],
    "139 – Nova Iguaçu x Monte Castelo": [],
    "140 – Bairro da Luz x K11": [],
    "141 – Geneciano x Nova Iguaçu": [],
    "141C – Niterói x Duque de Caxias": [],
    "141I – Duque de Caxias x São João de Meriti": [],
    "142I – Duque de Caxias x São João de Meriti": [],
    "143C – Niterói x Nova Iguaçu": [],
    "144C – São Gonçalo x Duque de Caxias": [],
    "157 – Castelo x Gávea-PUC": [],
    "161 – Terminal Gentileza x Ipanema": [],
    "163 – Terminal Gentileza x Copacabana – Siqueira Campos": [],
    "165 – Terminal Gentileza x Cosme Velho": [],
    "167 – Terminal Gentileza x Urca": [],
    "169 – Terminal Gentileza x General Osório": [],
    "180I – Nova Iguaçu x Japeri": [],
    "181I – Nova Iguaçu x Santo Expedito": [],
    "192C – Japeri x Central": [],
    "193C – Paracambi x Central": [],
    "196C – Guapimirim x Central": [],
    "200I – Nova Iguaçu x Belford Roxo": [],
    "201I – Nova Iguaçu x Belford Roxo": [],
    "201 – Santa Alexandrina x Castelo": [],
    "202 – Rio Comprido x Castelo": [],
    "205I – Belford Roxo x Nova Iguaçu": [],
    "205I – Nova Iguaçu x Belford Roxo": [],
    "206I – Nova Iguaçu x Belford Roxo": [],
    "209 – Caju x Candelária": [],
    "210I – Shopping Nova Iguaçu x Belford Roxo": [],
    "210 – Caju x Candelária": [],
    "217 – Andaraí x Carioca": [],
    "220 – Usina x Candelária": [],
    "222 – Vila Isabel x Gamboa": [],
    "229 – Usina x Carioca": [],
    "232 – Lins x Castelo": [],
    "SV232 – Lins x Castelo": [],
    "238 – Água Santa x Praça XV": [],
    "239 – Água Santa x Castelo": [],
    "247 – Camarista Méier x Passeio": [],
    "249 – Água Santa x Carioca": [],
    "254 – Madureira x Candelária": [],
    "265 – Marechal Hermes x Castelo": [],
    "SP265 – Marechal Hermes x São Cristóvão": [],
    "275 – Méier x Candelária": [],
    "277 – Rocha Miranda x Candelária": [],
    "292 – Engenho da Rainha x Castelo": [],
    "296 – Irajá x Castelo": [],
    "298 – Acari / Fazenda Botafogo x Castelo": [],
    "SN298 – Acari / Fazenda Botafogo x Castelo": [],
    "300 – Sulacap x Candelária": [],
    "301 – Terminal Gentileza x Alvorada": [],
    "302 – Terminal Gentileza x Alvorada": [],
    "306 – Praça Seca x Castelo": [],
    "309 – Central x Alvorada": [],
    "SN309 – Terminal Gentileza x Terminal Alvorada": [],
    "312 – Olaria x Candelária": [],
    "SN312 – Penha x Candelária": [],
    "313 – Austin x Três Fontes - INATIVA": [],
    "313 – Penha x Tiradentes": [],
    "315 – Tinguazinho x Vila Zenith": [],
    "315 – Central x Recreio": [],
    "317 – Marco II x Vila de Cava": [],
    "318 – Bandeirantes x Nova Iguaçu": [],
    "321 – Bancários x Castelo": [],
    "323 – Bananal x Castelo": [],
    "324 – Ribeira x Candelária": [],
    "SN324 – Ribeira x Candelária": [],
    "SP324 – Ribeira x Terminal Fundão": [],
    "325 – Ribeira x Castelo": [],
    "326 – Bancários x Candelária": [],
    "SPB326 – Bancários x Terminal Fundão": [],
    "327 – Ribeira x Castelo": [],
    "328 – Bananal x Candelária": [],
    "SN328 – Bananal x Candelária": [],
    "SP328 – Bananal x Terminal Fundão": [],
    "SR328 – Bananal x Candelária": [],
    "329 – Bancários x Candelária": [],
    "SP329 – Bancários x Terminal Fundão": [],
    "335 – Cordovil x Tiradentes": [],
    "342 – Jardim América x Castelo": [],
    "SR342 – Jardim América x Castelo": [],
    "343 – Jardim Oceânico x Candelária": [],
    "SP343 – Rio das Pedras x Candelária": [],
    "348 – Riocentro x Candelária": [],
    "349 – Rocha Miranda x Castelo": [],
    "350 – Irajá x Passeio": [],
    "352 – Riocentro x Candelária": [],
    "353 – Gardênia Azul x Terminal Gentileza": [],
    "355 – Madureira x Tiradentes": [],
    "SN355 – Madureira x Tiradentes": [],
    "SR355 – Madureira x Tiradentes": [],
    "361 – Recreio x Castelo": [],
    "362 – Honório Gurgel x Castelo": [],
    "363 – Vila Valqueire x Candelária": [],
    "SR363 – Vila Valqueire x Candelária": [],
    "SN363 – Vila Valqueire x Candelária": [],
    "368 – Riocentro x Candelária": [],
    "SN368 – Riocentro x Candelária": [],
    "369 – Bangu x Candelária": [],
    "371 – Praça Seca x Praça da República": [],
    "378 – Marechal Hermes x Castelo": [],
    "380 – Curicica x Candelária": [],
    "383 – Realengo x Praça da República": [],
    "384 – Pavuna x Passeio": [],
    "SR384 – Pavuna x Passeio": [],
    "SV384 – Pavuna x Passeio": [],
    "386 – Mariópolis x Candelária": [],
    "SR386 – Mariópolis x Candelária": [],
    "388 – Cesarão x Candelária": [],
    "SR388 – Cesarão x Candelária": [],
    "SN388 – Cesarão x Candelária": [],
    "SP389 – Vila Aliança x Terminal Deodoro": [],
    "390 – Curicica x Candelária": [],
    "SV391 – Padre Miguel x Praça da República": [],
    "393 – Bangu x Candelária": [],
    "SR393 – Bangu x Candelária": [],
    "SN393 – Bangu x Candelária": [],
    "397 – Campo Grande x Candelária": [],
    "SR397 – Campo Grande x Candelária": [],
    "SN397 – Campo Grande x Candelária": [],
    "399 – Pavuna x Passeio": [],
    "SN399 – Pavuna x Passeio": [],
    "SR399 – Pavuna x Passeio": [],
    "400T – Belford Roxo x Barra da Tijuca": [],
    "405I – Piabetá x Duque de Caxias": [],
    "405T – Nova Iguaçu x Barra da Tijuca": [],
    "407I – Raiz da Serra x Duque de Caxias": [],
    "407T – Nova Iguaçu x Recreio": [],
    "409 – Saens Peña x Horto": [],
    "410N – Praia do Anil x Petrópolis": [],
    "410 – Saens Peña x Gávea-PUC": [],
    "410T – Coelho da Rocha x Barra da Tijuca": [],
    "411N – Imbariê x Petrópolis": [],
    "412N – Campos Elíseos x Petrópolis": [],
    "413N – Nova Campinas x Petrópolis": [],
    "414I – Duque de Caxias x Jardim Metrópole": [],
    "415C – Jardim Leal x Central": [],
    "415T – Duque de Caxias x Barra da Tijuca": [],
    "415M – Duque de Caxias x Magé": [],
    "415 – Usina x Leblon": [],
    "SN415 – Usina x Leblon": [],
    "416C – Parque São José x Central": [],
    "416T – Duque de Caxias x Barra da Tijuca": [],
    "416 – Saens Peña x Horto": [],
    "417C – Vilar dos Teles x Central": [],
    "417T – Xerém x Barra da Tijuca": [],
    "418C – Jardim Redentor x Central": [],
    "421I – Geneciano x Pavuna": [],
    "422I – Grama x Pavuna": [],
    "422C – Jardim Gramacho x Central": [],
    "422 – Grajaú x Cosme Velho": [],
    "423I – Tinguá x Pavuna": [],
    "423C – Gramacho x Central": [],
    "424C – Vila São Luiz x Central": [],
    "425C – Vila São Luiz x Central": [],
    "425T – Queimados x Barra da Tijuca": [],
    "425TI – Japeri x Barra da Tijuca": [],
    "425T – Japeri x Barra da Tijuca": [],
    "425T – Engenheiro Pedreira x Barra da Tijuca": [],
    "426 – Usina x Jardim de Alah": [],
    "426P – Itaguaí – Cesarão / 7 de Abril": [],
    "427C – Vilar dos Teles x Candelária": [],
    "428L – Nova Aurora x Bonsucesso": [],
    "428I – Cabral x Comendador Soares": [],
    "429I – Caxias x Queimados": [],
    "431C – Duque de Caxias x Mercado São Sebastião": [],
    "431I – Nilópolis x Nova Iguaçu": [],
    "432I – Nova Iguaçu x Santo Expedito": [],
    "432L – Nova Iguaçu x Bangu": [],
    "432 – Vila Isabel x Gávea-PUC": [],
    "433 – Vila Isabel x Siqueira Campos": [],
    "433I – Nilópolis x Pavuna": [],
    "435 – Grajaú x Gávea-PUC": [],
    "435I – Nova Iguaçu x Sargento Roncalli": [],
    "436S – Santa Sofia x Itaguaí": [],
    "437I – Nilópolis x Coelho da Rocha": [],
    "437P – Campo Lindo x Paracambi": [],
    "438I – Duque de Caxias x Jardim Botânico": [],
    "438P – Seropédica x Cacaria": [],
    "439 – Vila Isabel x Leblon": [],
    "439I – Nilópolis x Mesquita": [],
    "440B – Queimados x Central": [],
    "441B – Santa Sofia x Central": [],
    "442B – Cabuçu x Central": [],
    "442L – Itaguaí x Coelho Neto": [],
    "443B – Queimados x Central": [],
    "444B – Cabuçu x Central": [],
    "445I – Nova Iguaçu x Xerém": [],
    "446I – Duque de Caxias x São Vicente": [],
    "448 – Furnas x São Conrado": [],
    "449B – Queimados x Benfica": [],
    "450T – Nova Iguaçu x Itacuruçá": [],
    "450I – Nova Iguaçu x Parque São José": [],
    "451B – Engenheiro Pedreira x Central": [],
    "451I – Nova Iguaçu x Parque São José": [],
    "451T – Duque de Caxias x Campo Grande": [],
    "452B – Vila Camorim x Central": [],
    "453B – Eng. Pedreira x Central": [],
    "454I – Duque de Caxias x Jardim do Ipê": [],
    "455U – Itaguaí x Muriqui": [],
    "455 – Méier x Copacabana": [],
    "456 – Norte Shopping x Copacabana": [],
    "457U – Itaguaí x Conceição de Jacareí": [],
    "457 – Abolição x Copacabana": [],
    "SN457 – Abolição x Copacabana": [],
    "458S – Campo Grande x Itaguaí": [],
    "458M – Andorinhas x Niterói": [],
    "459B – Queimados x Penha": [],
    "460I – Nova Iguaçu x Delamare": [],
    "460S – Itaguaí x Barra da Tijuca": [],
    "460 – São Cristóvão x Leblon": [],
    "461I – Nova Iguaçu x Fábrica de Pólvora": [],
    "461 – São Cristóvão x Ipanema": [],
    "462I – Nova Iguaçu x Rua da Serra": [],
    "463 – São Cristóvão x Copacabana / Siqueira Campos": [],
    "464C – Andorinhas x Central": [],
    "465C – Andorinhas x Caxias": [],
    "469C – Santa Cruz da Serra x Central": [],
    "470C – Taquara x Central": [],
    "472 – Triagem x Leme": [],
    "472B – Bom Pastor x Candelária": [],
    "473 – São Januário x Lido": [],
    "474 – Jacaré x Copacabana": [],
    "SN474 – Meier x Copacabana": [],
    "SV474 – Jacaré x Copacabana": [],
    "474B – Praça da Bandeira x Candelária": [],
    "476 – Méier x Leblon": [],
    "478B – Mesquita x Central": [],
    "479B – Mesquita x Central": [],
    "479I – Nova Iguaçu x Fundão": [],
    "480I – Nova Iguaçu x Parque Industrial de Queimados": [],
    "483 – Penha x Ipanema – General Osório": [],
    "SPA483 – Fiocruz x Ipanema – General Osório": [],
    "SPB483 – Parque União x Ipanema – General Osório": [],
    "SV483 – Ipanema – General Osório x Penha": [],
    "SN483 – Penha x Ipanema – General Osório": [],
    "484 – Olaria x Ipanema – General Osório": [],
    "485L – Duque de Caxias x Pilares": [],
    "485 – Fundão x Ipanema – General Osório": [],
    "486L – Bar dos Cavaleiros x Largo da Cancela": [],
    "486C – Xerém x Central": [],
    "486 – Fundão x Ipanema – General Osório": [],
    "488L – Duque de Caxias x Usina": [],
    "488B – Miguel Couto x Central": [],
    "489L – Duque de Caxias x Saens Peña": [],
    "490B – Miguel Couto x Central": [],
    "491B – Austin x Central": [],
    "492L – Duque de Caxias x Engenho da Rainha": [],
    "492 – Bancários x Prado Junior": [],
    "492B – Vila de Cava x Central": [],
    "492BT – Tinguá x Central": [],
    "493B – Ponto Chic x Central": [],
    "494L – Duque de Caxias x Pilares": [],
    "494B – Austin x Central": [],
    "495L – Duque de Caxias x Penha": [],
    "496I – Santa Tereza x Pavuna": [],
    "497 – Penha x Laranjeiras": [],
    "497B – Miguel Couto x Central": [],
    "497I – Bom Pastor x Pavuna": [],
    "498 – Penha Circular x Largo do Machado": [],
    "499B – Cabuçu x Central": [],
    "M500 - Alcântara x Aldeia da Prata": [],
    "501B – Miguel Couto x Central": [],
    "M501 - Alcântara x Rio de Janeiro": [],
    "M502 - Alcântara x Curuzu": [],
    "M503 - Alcântara x Niterói": [],
    "M504 - Alcântara x Rio Bonito": [],
    "505I – Duque de Caxias x Ypiranga": [],
    "M505 - Alcântara x Venda das Pedras": [],
    "506I – Duque de Caxias x Ypiranga": [],
    "507I – Duque de Caxias x Saracuruna": [],
    "507 – Silvestre x Largo do Machado": [],
    "M507 - Apolo III x Niterói": [],
    "508I – Duque de Caxias x Saracuruna": [],
    "M508 - Austin x Rio de Janeiro": [],
    "509I – Duque de Caxias x Cangulo": [],
    "M509 - Boa Esperança x Rio de Janeiro": [],
    "510I – Duque de Caxias x Raiz da Serra": [],
    "M510 - Cabuçu x Rio de Janeiro": [],
    "511I – Duque de Caxias x Parque Paulista": [],
    "511Q – Imbariê x Niterói": [],
    "512B – Praça da Bandeira x Central": [],
    "513I – Duque de Caxias x Nova Campinas": [],
    "513 – Botafogo x Urca": [],
    "514B – Éden x Central": [],
    "M514 - Campo Grande x Duque de Caxias": [],
    "515I – Queimados x Campo Alegre": [],
    "M516 - Cascadura x Nova Iguaçu": [],
    "M517 - Rio de Janeiro x Maricá": [],
    "518 – Urca x Copacabana": [],
    "M518 - Comendador Soares x Rio de Janeiro": [],
    "519B – Areia Branca x Central": [],
    "519 – Urca x Copacabana": [],
    "M519 - Rio de Janeiro x Guapimirim": [],
    "520I – Queimados x Cabuçu": [],
    "M520 - Rio de Janeiro x Heliópolis": [],
    "M521 - Rio de Janeiro x Itaguaí": [],
    "522B – Parque São Vicente x Central": [],
    "M522 - Rio de Janeiro x Magé": [],
    "523B – Sargento Roncali x Central": [],
    "M523 - Rio de Janeiro x Mesquita": [],
    "M524 - Rio de Janeiro x Miguel Couto": [],
    "525I – Santa Rita x Belford Roxo": [],
    "M525 - Rio de Janeiro x Nova Aurora": [],
    "M526 - Rio de Janeiro x Nova Campina": [],
    "527B – Sargento Roncali x Praça Mauá": [],
    "M527 - Rio de Janeiro x Parque São Vicente": [],
    "528B – Heliópolis x Central": [],
    "M528 - Rio de Janeiro x Piabetá": [],
    "M529 - Rio de Janeiro x Praia de Mauá": [],
    "530I – Nova Iguaçu x Geneciano": [],
    "M530 - Queimados x Rio de Janeiro": [],
    "M531 - Rio de Janeiro x Raiz da Serra": [],
    "M532 - Rio de Janeiro x Saracuruna": [],
    "M533 - Rio de Janeiro x Sargento Roncali": [],
    "M534 - Rio de Janeiro x Taquara": [],
    "535I – Nova Iguaçu x Recantus": [],
    "M535 - Rio de Janeiro x Vila de Cava": [],
    "M536 - Rio de Janeiro x Xerém": [],
    "M537 - Cidade Universitária x Duque de Caxias": [],
    "538 – São Conrado x Leme": [],
    "M538 - Duque de Caxias x Niterói": [],
    "539 – São Conrado x Leme": [],
    "540L – Nova Iguaçu x Ricardo de Albuquerque": [],
    "M540 - Itambi x Niterói": [],
    "541L – Comendador Soares x Cascadura": [],
    "543L – Nova Iguaçu x Meier": [],
    "M543 - Jóquei Clube x Niterói": [],
    "544L – Nova Iguaçu x Meier": [],
    "544P – Nilópolis x Seropédica": [],
    "546L – Nova Iguaçu x Taquara": [],
    "M546 - Magé x Niterói": [],
    "547L – Nilópolis x Ricardo de Albuquerque": [],
    "547P – Jardim Paraiso x Sepetiba": [],
    "548P – Nilópolis x Campo Grande": [],
    "548 – Botafogo x Alvorada": [],
    "M548 - Maricá x Niterói": [],
    "M549 - Méier x Nova Iguaçu": [],
    "550 – Cidade de Deus x Gávea": [],
    "SPA550 – Cidade de Deus x Rocinha": [],
    "SPB550 – Tijuquinha x Gávea": [],
    "M550 - Nilópolis x Rio de Janeiro": [],
    "551L – Nova Iguaçu x Penha": [],
    "M551 - Niterói x Portão do Rosa": [],
    "552 / Integrada 2 – Alvorada x Rio Sul": [],
    "M552 - Niterói x Rio Bonito": [],
    "553 – Recreio x Rio Sul": [],
    "554 / Integrada 9 – Piabas x Rio Sul": [],
    "M554 - Niterói x Várzea das Moças": [],
    "555 – Rio das Pedras x Gávea": [],
    "M555 - Niterói x Venda das Pedras": [],
    "557 – Rio das Pedras x Copacabana / Siqueira Campos": [],
    "M557 - Passeio x Trindade": [],
    "558 – Cidade de Deus x Copacabana / Siqueira Campos": [],
    "M558 - Penha x Piabetá": [],
    "M559 - Rio de Janeiro x Rio Bonito": [],
    "560L – Duque de Caxias x Meier": [],
    "M560 - Rio de Janeiro x Venda das Pedras": [],
    "561L – Duque de Caxias x Freguesia": [],
    "M561 - Trindade x Vila Isabel": [],
    "562L – Duque de Caxias x Freguesia": [],
    "562I – Austin x Pavuna": [],
    "563I – Morro Agudo x Grande Rio": [],
    "564T – Duque de Caxias x Campo Grande": [],
    "564L – Duque de Caxias x Vicente de Carvalho": [],
    "565 – Tanque x Gávea": [],
    "567L – Duque de Caxias x Freguesia": [],
    "568L – Duque de Caxias x Praça Seca": [],
    "569L – Duque de Caxias x Madureira": [],
    "570P – Itaguaí x Marechal Hermes": [],
    "571C – Nova Campinas x Central": [],
    "573P – Campo Grande x Itaguaí": [],
    "576I – Guapimirim x Duque de Caxias": [],
    "583 – Cosme Velho x Leblon": [],
    "584 – Cosme Velho x Leblon": [],
    "585 – Largo do Machado x Jardim de Alah": [],
    "590I – Itaguaí x Nonô": [],
    "592I – Japeri x Pavuna": [],
    "593I – Engenheiro Pedreira x Pavuna": [],
    "599I – Miguel Couto x Pavuna": [],
    "600 – Taquara-Boiúna x Saens Peña": [],
    "601 – Taquara-Capela x Saens Peña": [],
    "603I – Nova Iguaçu x Magé": [],
    "603 – Usina x Saens Peña": [],
    "606 – Engenho de Dentro x Rodoviária": [],
    "SV606 – Engenho de Dentro x Rodoviária": [],
    "607 – Cascadura x Rio Comprido": [],
    "608 – Grajaú x Saens Peña": [],
    "610 – Tanque x Del Castilho": [],
    "611 – Riocentro x Del Castilho": [],
    "613 – Vargem Grande x Del Castilho": [],
    "614 – Alvorada x Del Castilho": [],
    "616 – Del Castilho x Fundão": [],
    "620I – Nova Iguaçu x Nova Aurora": [],
    "621I – Nova Iguaçu x Nova Aurora": [],
    "621 – Penha x Saens Peña": [],
    "622 – Penha x Saens Peña": [],
    "623 – Penha x Saens Peña": [],
    "624 – Mariópolis x Praça da Bandeira": [],
    "SN624 – Mariópolis x Praça da República": [],
    "SV624 – Mariópolis x Praça da Bandeira": [],
    "625 – Nova Iguaçu x Vila de Cava": [],
    "625I – Nova Iguaçu x Vila de Cava": [],
    "625 – Olaria x Saens Peña": [],
    "626 – Nova Iguaçu x Miguel Couto": [],
    "626 – Muda x Saens Peña": [],
    "626I – Nova Iguaçu x Miguel Couto": [],
    "627 – Inhaúma x Saens Peña": [],
    "628 – Penha x Nova América": [],
    "629 – Irajá x Saens Peña": [],
    "630I – Nova Iguaçu x Xavante": [],
    "630I – Nova Iguaçu x Xavantes": [],
    "630 – IAPI da Penha x Saens Peña": [],
    "634 – Bananal x Saens Peña": [],
    "635I – Nova Iguaçu x Prata": [],
    "635 – Bananal x Saens Peña": [],
    "SP635 – Terminal Fundão x Saens Peña": [],
    "636 – Merck x Saens Peña": [],
    "638 – Marechal Hermes x Saens Peña": [],
    "639 – Jardim América x Saens Peña": [],
    "645 – Saens Peña x Alvorada": [],
    "650 – Marechal Hermes x Engenho Novo": [],
    "651B – Mesquita x Central": [],
    "651 – Meier x Cascadura": [],
    "652 – Meier x Cascadura": [],
    "653 – Terminal Deodoro x Meier": [],
    "654I – Nova Iguaçu x Praça Tocantins": [],
    "660I – Nova Iguaçu x Vila Emil": [],
    "663 – Meier x Fundão": [],
    "665 – Pavuna x Saens Peña": [],
    "SVA665 – Pavuna x Saens Peña": [],
    "SVB665 – Pavuna x Saens Peña": [],
    "665I – Nova Iguaçu x Edson Passos": [],
    "669 – Pavuna x Méier": [],
    "SV669 – Pavuna x Méier": [],
    "670I – Nova Iguaçu x Edson Passos": [],
    "675I – Nova Iguaçu x BNH": [],
    "678 – Vila Valqueire x Méier": [],
    "679 – Grotão x Meier": [],
    "685 – Irajá x Meier": [],
    "SVA685 – Irajá x Meier": [],
    "SVB685 – Irajá x Meier": [],
    "687 – Pavuna x Meier": [],
    "688 – Pavuna x Meier": [],
    "691 – Méier x Alvorada": [],
    "692 – Meier x Alvorada": [],
    "SV692 – Meier x Alvorada": [],
    "693 – Méier x Alvorada": [],
    "696 – Praia do Dendê x Meier": [],
    "SN696 – Praia do Dendê x Meier": [],
    "702B – Austin x Pavuna": [],
    "703B – Comendador Soares x Penha / Mercado São Sebastião": [],
    "704P – Lagoinha x Campo Grande": [],
    "705P – Edson Passos x Bangu": [],
    "707I – Miguel Couto x Olina": [],
    "710I – Queimados x Pavuna": [],
    "711 – Rocha Miranda x Rio Comprido": [],
    "712 – Cascadura x Irajá": [],
    "712L – Santa Sofia x Coelho Neto": [],
    "713L – Cosmorama x Cascadura": [],
    "713B – Cabuçu x Coelho Neto": [],
    "715L – Santa Marta x Cascadura": [],
    "720L – Novo Rio x Cascadura": [],
    "721 – Nova Iguaçu x Caioaba": [],
    "721 – Cascadura x Vila Cruzeiro": [],
    "722 – Nova Iguaçu x Rancho Novo": [],
    "722I – Sargento Roncalli x Pavuna": [],
    "723 – Nova Iguaçu x Nova América": [],
    "724 – Nova Iguaçu x Engenho Pequeno": [],
    "724I – Vale do Ipê x Pavuna": [],
    "725 – Nova Iguaçu x Nova Shop.": [],
    "729L – São Vicente x Méier": [],
    "731 – Campo Grande x Marechal Hermes": [],
    "SN731 – Campo Grande x Marechal Hermes": [],
    "734L – Vila Norma x Cascadura": [],
    "736L – Jardim Botânico x Cascadura": [],
    "737L – Belford Roxo x Deodoro": [],
    "737 – Santíssimo x Cascadura": [],
    "737P – Campo Grande x Campo Lindo": [],
    "738L – Jardim Metrópole x Cascadura": [],
    "738P – Campo Grande x Ilha da Madeira": [],
    "739L – Vilar dos Teles x Cocotá": [],
    "739P – Campo Grande x Santa Sofia": [],
    "740D – Charitas x Leblon": [],
    "741 – Sulacap x Bangu": [],
    "742P – Cabuçu x Campo Grande": [],
    "743 – Sulacap x Bangu": [],
    "745 – Bangu x Cascadura": [],
    "746P – Parque São Franscico de Paula x Campo Grande": [],
    "746 – Jabour x Cascadura": [],
    "748L – Morro Agudo x Pavuna": [],
    "749L – Morro Agudo x Pavuna": [],
    "751L – Morro Agudo x Pavuna": [],
    "753 – Santa Cruz x Coelho Neto": [],
    "754 – Santa Cruz x Terminal Deodoro": [],
    "756 – Santa Cruz x Coelho Neto": [],
    "757 – Sepetiba x Coelho Neto": [],
    "759 – Cesarão x Coelho Neto": [],
    "SP759 – Cesarão x Terminal Deodoro": [],
    "765I – Piabetá x Xerém": [],
    "766 – Freguesia x Madureira Shopping": [],
    "770I – Morro Agudo x Belford Roxo": [],
    "770 – Campo Grande x Coelho Neto": [],
    "771 – Campo Grande x Coelho Neto": [],
    "774 – Jardim América x Madureira": [],
    "SV774 – Jardim América x Madureira": [],
    "775I – Nova Aurora x Miguel Couto": [],
    "775 – Jardim América x Madureira": [],
    "SV777 – Padre Miguel x Madureira Shopping": [],
    "778 – Pavuna x Cascadura": [],
    "779 – Pavuna x Madureira": [],
    "780I – São Francisco x Mesquita": [],
    "780 – Pavuna x Madureira": [],
    "783 – Marechal Hermes x Praça Seca": [],
    "785 – Cascadura x Marechal Hermes": [],
    "786 – Campo Grande x Cascadura": [],
    "788 – Campo Grande x Deodoro": [],
    "790 – Campo Grande x Cascadura": [],
    "SN790 – Campo Grande x Cascadura": [],
    "SV790 – Campo Grande x Cascadura": [],
    "791 – Padre Miguel x Terminal Deodoro": [],
    "793 – Pavuna x Sulacap": [],
    "794 – Bangu x Cascadura": [],
    "SN794 – Jabour x Cascadura": [],
    "795 – Pavuna x Terminal Deodoro": [],
    "796 – Campo Grande x Terminal Deodoro": [],
    "798 – Campo Grande x Terminal Deodoro": [],
    "799 – Pavuna x Bangu Shopping": [],
    "800L – Nova Aurora x Madureira": [],
    "800I – Magé x Caneca Fina": [],
    "801 – Bangu Shopping x Taquara": [],
    "SP801 – Bangu Shopping x BRT Sulacap": [],
    "802 – Campo Grande x Bangu": [],
    "803 – Jabour x Taquara": [],
    "SP803 – Jabour x BRT Sulacap": [],
    "804 – Campo Grande x Terminal Curral Falso": [],
    "805I – Magé x Paraíso": [],
    "805 – Alvorada x Metrô Jardim Oceânico": [],
    "SP805 – Alvorada x Praia da Barra": [],
    "807 – Jesuítas x Terminal Curral Falso": [],
    "809 – Sagrado Coração x Santa Cruz": [],
    "810 – Taquara x Pontal": [],
    "SP810 – Taquara x Vargem Grande": [],
    "SN810 – Taquara x Pontal": [],
    "812 – Bangu x Carobinha": [],
    "815I – Magé x Vale das Pedrinhas": [],
    "819 – Bangu x Jardim Bangu": [],
    "820 – Rio da Prata x Terminal Mato Alto": [],
    "821 – Campo Grande x Vila Nova": [],
    "822 – Campo Grande x Vila Nova": [],
    "825 – Jesuítas x Campo Grande": [],
    "829 – Freguesia x Gardênia Azul": [],
    "830 – Campo Grande x Serrinha": [],
    "831 – Taquara x Colônia": [],
    "SV831 – Taquara x Colônia": [],
    "833 – Manguariba x Campo Grande": [],
    "834 – Campo Grande x Cabuçu de Baixo": [],
    "835 – Campo Grande x Largo do Correia": [],
    "836 – Campo Grande x Rio da Prata": [],
    "837 – Campo Grande x Conjunto da Marinha": [],
    "838 – Campo Grande x Magarça": [],
    "840 – Campo Grande x São Fernando": [],
    "841 – Campo Grande x Vilar Carioca": [],
    "842 – Campo Grande x Paciência": [],
    "843 – Campo Grande x Boa Esperança": [],
    "844 – Jardim Oceânico x Barrinha": [],
    "845 – Campo Grande x Cantagalo": [],
    "846 – Campo Grande x Rio da Prata": [],
    "847 – Campo Grande x Rio da Prata": [],
    "848 – Campo Grande x Monte Santo": [],
    "849 – Campo Grande x Base Aérea de Santa Cruz": [],
    "850 – Campo Grande x Mendanha": [],
    "851 – Campo Grande x Escola Amazonas": [],
    "852 – Campo Grande x Pedra de Guaratiba": [],
    "853 – Terminal Deodoro x Terminal Mato Alto": [],
    "SV853 – Terminal Deodoro x Terminal Mato Alto": [],
    "854 – Campo Grande x Ilha de Guaratiba": [],
    "855 – Terminal Deodoro x Terminal Magarça": [],
    "856 – Campo Grande x Capoeira Grande": [],
    "857 – Campo Grande x Pingo d’Água": [],
    "859 – Covanca x Geremário": [],
    "861 – Curicica x Rio das Pedras": [],
    "862 – Rio das Pedras x Barra da Tijuca": [],
    "863 – Rio das Pedras x Barra da Tijuca": [],
    "SV863 – Rio das Pedras x Barra da Tijuca": [],
    "864 – Campo Grande x Terminal Sulacap": [],
    "SP864 – Bangu x Campo Grande": [],
    "865 – Taquara x Pau da Fome": [],
    "866 – Campo Grande x Pedra de Guaratiba": [],
    "SV866 – Campo Grande x Terminal Pingo d’Água": [],
    "867 – Campo Grande x Barra de Guaratiba": [],
    "868 – Campo Grande x Urucânia": [],
    "869 – Campo Grande x Santa Margarida": [],
    "871 – Cesarão x Pingo d’Água": [],
    "872 – Terminal Mato Alto x Sepetiba": [],
    "878 – Tanque x Barra da Tijuca": [],
    "SV878 – Tanque x Barra da Tijuca": [],
    "880 – Rio das Pedras x Alvorada": [],
    "883 – Terminal Deodoro x Terminal Mato Alto": [],
    "884 – Campo Grande x Sepetiba": [],
    "885 – Santa Cruz x BRT Mato Alto": [],
    "892 – Santa Cruz x Vitor Dumas": [],
    "893 – Campo Grande x Jardim Palmares": [],
    "894 – Campo Grande x Jardim Moriçaba": [],
    "895 – Campo Grande x Serrinha": [],
    "SN895 – Campo Grande x Serrinha": [],
    "897 – Paciência x Pingo d’Água": [],
    "SN897 – Santa Cruz x Terminal Pingo d’Água": [],
    "898 – Campo Grande x Sepetiba": [],
    "899 – Barra de Guaratiba x Terminal Recreio": [],
    "SV899 – Barra de Guaratiba x Terminal Recreio": [],
    "900 – Taquara x Downtown": [],
    "901 – Nova Iguaçu x Tinguá": [],
    "901 – Bananal x Bonsucesso": [],
    "SV901 – Bananal x Bonsucesso": [],
    "904T – Duque de Caxias x Santa Cruz": [],
    "905 – Irajá x Bonsucesso": [],
    "906 – Jardim América x Caju": [],
    "908 – Terminal Deodoro x Bonsucesso": [],
    "SV908 – Terminal Deodoro x Bonsucesso": [],
    "910 – Bananal x Irajá": [],
    "913 – Del Castilho x Fundão": [],
    "SE913 – Del Castilho x Bananal": [],
    "915 – Bonsucesso x Aeroporto Internacional": [],
    "917 – Padre Miguel x Bonsucesso": [],
    "SV917 – Padre Miguel x Bonsucesso": [],
    "918 – Bangu x Bonsucesso": [],
    "SP918 – Bangu x Terminal Deodoro": [],
    "919 – Pavuna x Bonsucesso – Vila do Pinheiro": [],
    "920 – Pavuna x Bonsucesso": [],
    "921 – Ribeira x Bancários": [],
    "SV921 – Ribeira x Bancários": [],
    "922 – Tubiacanga x Fundão": [],
    "SV922 – Tubiacanga x Fundão": [],
    "925 – Bancários x Aeroporto Internacional": [],
    "926 – Senador Camará x Penha": [],
    "928 – Marechal Hermes x Bonsucesso": [],
    "932 – Tanque x Gardênia Azul": [],
    "940 – Ramos x Madureira": [],
    "945 – Pavuna x Fundão": [],
    "946 – Pavuna x Engenho da Rainha": [],
    "950 – Vicente de Carvalho x Shopping Via Brasil": [],
    "951 – Vicente de Carvalho x Vista Alegre": [],
    "953 – Tanque x Cidade de Deus": [],
    "954 – Taquara x Recreio": [],
    "959 – Vicente de Carvalho x Irajá": [],
    "961 – Rio das Pedras x Recreio": [],
    "975 – Madureira Shopping x Terminal Fundão": [],
    "979 – Madureira x Fundão": [],
    "987 – Gardênia Azul x Pechincha": [],
    "990 – Merck x Joatinga": [],
    "1001 – Magé x Andorinhas": [],
    "1002 – Piabetá x Andorinhas": [],
    "1003 – Pau Grande x Magé": [],
    "1004 – Raiz da Serra x Magé": [],
    "1007 – Piabetá x Magé": [],
    "1008 – Magé x Barão de Iriri": [],
    "1009 – Magé x Piedade": [],
    "1010 – Magé x Ypiranga": [],
    "1011 – Magé x Ypiranga": [],
    "1012 – Magé x Vila Inca": [],
    "1013 – Piabetá x Olaria": [],
    "1014 – Piabetá x Olaria": [],
    "1015 – Piabetá x Ponte Preta": [],
    "1016 – Piabetá x Barreira": [],
    "1017 – Piabetá x Parque dos Artistas": [],
    "1018 – Piabetá x Jardim Esmeralda": [],
    "1019 – Piabetá x Maurimárcia": [],
    "1020 – Piabetá x Nazareno": [],
    "1021 – Barbuda x Nova Marília": [],
    "1023 – Parque Iriri x Saco": [],
    "1024 – Magé x Parque Boneville": [],
    "1025 – Piabetá x Pau Grande": [],
    "1027 – Piabetá x Magé": [],
    "1030 – Magé x Ypiranga": [],
    "1042 – Magé x Lagoa": [],
    "1043 – Magé x Citrolândia": [],
    "1102C – Duque de Caxias x Central": [],
    "1111C – Duque de Caxias x Central": [],
    "1121Q – Magé x Niterói": [],
    "1140B – Éden x Castelo": [],
    "1415C – Jardim Leal x Central": [],
    "1440B – Queimados x Praça Mauá": [],
    "1440B – Queimados x Central": [],
    "1512B – Coelho da Rocha x Castelo": [],
    "1901T – Duque de Caxias x Conceição de Jacareí": [],
    "1904T – Vila São Luiz x Campo Grande": [],
    "1906B – Paracambi x Central": [],
    "1907B – Japeri x Central": [],
    "1907B – Japeri x Passeio": [],
    "1930D – Niterói x Duque de Caxias": [],
    "1931D – São Gonçalo x Duque de Caxias": [],
    "1940D – Niterói x Nova Iguaçu": [],
    "1941D – Niterói x Nova Iguaçu": [],
    "1950C – Parque Lafaiete x Candelária": [],
    "1955B – Nova Iguaçu x Castelo": [],
    "1956B – Cabuçu x Castelo": [],
    "1960B – Nova Iguaçu x Castelo": [],
    "2024 – Aeroporto Internacional x Leblon": [],
    "Van 2101 - São Conrado x Jardim de Alah": [],
    "2102C – Duque de Caxias x Candelária": [],
    "Van 2102 - São Conrado x Jardim de Alah": [],
    "2110 – Gardênia Azul x Castelo": [],
    "2111C – Duque de Caxias x Castelo": [],
    "2111 – Praça Seca x Castelo": [],
    "2112 – Taquara x Castelo": [],
    "2114 – Freguesia x Castelo": [],
    "2125C – Magé x Castelo": [],
    "2195C – Guapimirim x Castelo": [],
    "2303 – Cesarão x Carioca": [],
    "2305 – Jardim América x Castelo": [],
    "2307 – Sete de Abril x Carioca": [],
    "2308 – Cosmos x Castelo": [],
    "2309 – Urucânia x Carioca": [],
    "2310 – Bangu x Candelária": [],
    "2334 – Campo Grande x Castelo": [],
    "2335 – Santa Cruz x Castelo": [],
    "2336 – Campo Grande x Castelo": [],
    "2337 – Santa Cruz x Castelo": [],
    "2338 – Campo Grande x Castelo": [],
    "2339 – West Shopping x Castelo": [],
    "2342 – Bananal x Castelo": [],
    "2343 – Ribeira x Castelo": [],
    "2344 – Bancários x Castelo": [],
    "2345 – Vila Valqueire x Castelo": [],
    "SV2345 – Vila Valqueire x Castelo": [],
    "2380 – Magarça x Castelo": [],
    "2381 – Pedra de Guaratiba x Castelo": [],
    "2383 – Sepetiba x Carioca": [],
    "2399 – Pavuna x Passeio": [],
    "2415T – Duque de Caxias x Barra da Tijuca": [],
    "2490B – Miguel Couto x Central": [],
    "2492B – Vila de Cava x Central": [],
    "2603I – Nova Iguaçu x Magé": [],
    "2613 – Del Castilho x Riocentro": [],
    "2614 – Del Castilho x Alvorada": [],
    "2740D – Charitas x Leblon": [],
    "2802 – São Fernando x Jardim Oceânico": [],
    "SV2802 – Paciência x Jardim Oceânico": [],
    "2803 – Vila Kennedy x Barra da Tijuca": [],
    "2804 – Bangu x Barra da Tijuca": [],
    "2918 – Aeroporto Internacional x Jardim Oceânico": [],
    "2950C – Duque de Caxias x Castelo": [],
    "2951C – Duque de Caxias x Castelo": [],
    "Van 3101 - Abolição x Tomás Coelho": [],
    "Van 3101 - Tomás Coelho x Abolição": [],
    "Van 3102 - Água Santa x Engenhão": [],
    "Van 3103 - Engenho da Rainha x Inhaúma": [],
    "Van 3104 - Piedade x Engenheiro Leal": [],
    "Van 3105 - Lins x Norte Shopping": [],
    "Van 3106 - Higienópolis x Maria da Graça": [],
    "Van 3107 - Triagem x Largo do Jacaré": [],
    "Van 3108 - Fazenda da Bica x Engenho de Dentro": [],
    "Van 3201 - Vicente de Carvalho x IPASE": [],
    "Van 3202 - Cordovil x Brás de Pina": [],
    "Van 3203 - Cidade Alta x Brás de Pina": [],
    "Van 3204 - Mercado São Sebastião x Penha Circular": [],
    "Van 3205 - Cordovil x Vicente de Carvalho": [],
    "Van 3206 - Estrada Coronel Vieira x Praia Nossa Senhora da Apresentação": [],
    "Van 3207 - IAPI x Penha": [],
    "Van 3208 - Maré x Bonsucesso": [],
    "Van 3209 - Vila dos Pinheiros x Bonsucesso": [],
    "Van 3210 - Vila do João x Bonsucesso": [],
    "Van 3211 - Grota x Uranos": [],
    "Van 3212 - Darcy Vargas x Ramos": [],
    "Van 3213 - Ramos x Largo do Itararé": [],
    "Van 3214 - Bancários x Portuguesa": [],
    "Van 3215 - Itacolomi x Portuguesa": [],
    "Van 3216 - Tubiacanga x Portuguesa": [],
    "Van 3217 - Tubiacanga x Portuguesa": [],
    "Van 3218 - Bananal x Tauá": [],
    "Van 3219 - Portuguesa x Jardim Guanabara": [],
    "Van 3220 - Portuguesa x Jardim Guanabara": [],
    "Van 3221 - Ribeira x Cacuia": [],
    "Van 3222 - Ribeira x Cocota": [],
    "Van 3223 - Freguesia x Jardim Guanabara": [],
    "Van 3224 - Jardim América x Vigário Geral": [],
    "Van 3225 - Jardim América x Vigário Geral": [],
    "Van 3226 - Vigário Geral x Pavuna": [],
    "Van 3301 - Chico Mendes x Largo da Pavuna": [],
    "Van 3302 - Beberibe x Anchieta": [],
    "Van 3303 - Mariópolis x Anchieta": [],
    "Van 3304 - Mariópolis x Anchieta": [],
    "Van 3305 - Village Pavuna x Largo da Pavuna": [],
    "Van 3306 - Alcobaça x Guadalupe": [],
    "Van 3307 - Ricardo de Albuquerque x Parque Anchieta": [],
    "Van 3308 - Pavuna x Metrô Pavuna": [],
    "Van 3309 - Marechal Hermes x Guadalupe": [],
    "Van 3310 - Coelho Neto x Rocha Miranda": [],
    "Van 3311 - Turiaçu x Colégio": [],
    "Van 3312 - Marechal Hermes x Vila Valqueire": [],
    "Van 3313 - Osvaldo Cruz x Vila Valqueire": [],
    "Van 4001 - Sertão x Tanque": [],
    "Van 4002 - Merck x Center Shopping": [],
    "Van 4003 - Merck x Center Shopping": [],
    "Van 4004 - Merck x Center Shopping": [],
    "Van 4005 - Boiúna x Taquara": [],
    "Van 4005 - Taquara x Boiúna": [],
    "Van 4006 - Jordão x Taquara": [],
    "Van 4006 - Taquara x Jordão": [],
    "Van 4007 - Jordão x Taquara": [],
    "Van 4007 - Taquara x Jordão": [],
    "Van 4008 - Hospital Santa Maria x Taquara": [],
    "Van 4009 - Estrada da Ligação x Taquara": [],
    "Van 4009 - Taquara x Estrada da Ligação": [],
    "Van 4010 - Teixeira x Taquara": [],
    "Van 4011 - Pau da Fome x Taquara": [],
    "Van 4012 - Largo da Taquara x Santa Efigênia": [],
    "Van 4012 - Santa Efigênia x Largo da Taquara": [],
    "Van 4013 - Cidade de Deus x Largo da Taquara": [],
    "Van 4013 - Largo da Taquara x Cidade de Deus": [],
    "Van 4014 - Cidade de Deus x Largo da Taquara": [],
    "Van 4015 - Gardênia Azul x Freguesia": [],
    "Van 4016 - Gardênia Azul x Pechincha": [],
    "Van 4017 - Pacuí x Recreio": [],
    "Van 4018 - Sacarrão x Recreio": [],
    "4499B – Cabuçu x Central": [],
    "Van 5101 - Boiobi x Bangu": [],
    "Van 5102 - Boiobi x Bangu": [],
    "Van 5103 - Jabour x Realengo": [],
    "Van 5104 - Jabour x Realengo": [],
    "Van 5105 - Deodoro x Jardim Violeta": [],
    "Van 5105 - Jardim Violeta x Deodoro": [],
    "Van 5106 - Deodoro x Jardim Violeta": [],
    "Van 5106 - Jardim Violeta x Deodoro": [],
    "Van 5107 - Morada do Vale x Bangu": [],
    "Van 5107 - Bangu x Morada do Vale": [],
    "Van 5108 - Realengo x Viegas": [],
    "Van 5108 - Viegas x Realengo": [],
    "Van 5109 - Realengo x Viegas": [],
    "Van 5109 - Viegas x Realengo": [],
    "Van 5110 - Senador Camará x Bangu": [],
    "Van 5111 - Barata x Bangu": [],
    "Van 5112 - Barata x Bangu": [],
    "Van 5113 - Boária x Bangu": [],
    "Van 5114 - Jardim Novo x Bangu": [],
    "Van 5115 - Jardim Novo x Bangu": [],
    "Van 5116 - Mallet x Bangu": [],
    "Van 5117 - Sandá x Sulacap": [],
    "Van 5118 - Sulacap x Bangu": [],
    "Van 5119 - Sulacap x Bangu": [],
    "Van 5120 - Coqueiros x Bangu": [],
    "Van 5121 - Presídio x Bangu": [],
    "Van 5122 - Presídio x Marechal Hermes": [],
    "Van 5123 - Santíssimo x Magalhães Bastos": [],
    "Van 5124 - Santíssimo x Ricardo de Albuquerque": [],
    "Van 5125 - Bangu x Mallet": [],
    "Van 5126 - Batan x Bangu": [],
    "Van 5127 - Batan x Bangu": [],
    "Van 5128 - Catiri x Bangu": [],
    "Van 5129 - Jardim Bangu x Bangu": [],
    "Van 5130 - Jardim Bangu x Bangu": [],
    "Van 5131 - Malvinas x Bangu": [],
    "Van 5132 - Vila Aliança x Bangu": [],
    "Van 5201 - Largo do ABC x Campo Grande": [],
    "Van 5202 - Morro do Cavado x Campo Grande": [],
    "Van 5203 - Areal x Campo Grande": [],
    "Van 5204 - Buranhem x Campo Grande": [],
    "Van 5205 - Caminho do Céu x Campo Grande": [],
    "Van 5206 - Conjunto Campinho x Campo Grande": [],
    "Van 5207 - Nova Cidade x Campo Grande": [],
    "Van 5208 - Jardim Campo Belo x Campo Grande": [],
    "Van 5209 - Jardim Campo Belo x Campo Grande": [],
    "Van 5210 - Tingui x Campo Grande": [],
    "Van 5211 - São Basílio x Campo Grande": [],
    "Van 5212 - Vila Santa Maria x Campo Grande": [],
    "Van 5213 - Carobinha x Campo Grande": [],
    "Van 5214 - Guandu do Sena x Campo Grande": [],
    "Van 5215 - São Geraldo x Campo Grande": [],
    "Van 5216 - João Gualberto Braga x Campo Grande": [],
    "Van 5217 - São Pedro x Campo Grande": [],
    "Van 5218 - Guandu Mirim x Campo Grande": [],
    "Van 5219 - Pedra de Guaratiba x Américas": [],
    "Van 5220 - Pedra de Guaratiba x Américas": [],
    "Van 5301 - Santa Cruz x Conjunto Habitacional": [],
    "Van 5302 - Santa Cruz x Conjunto João XXIII": [],
    "Van 5303 - Santa Cruz x Conjunto Alvorada": [],
    "Van 5304 - Miécimo x Santa Cruz": [],
    "Van 5305 - Sepetiba x Santa Cruz": [],
    "Van 5306 - Nova Sepetiba x Santa Cruz": [],
    "Van 5307 - Praia da Brisa x Santa Cruz": [],
    "Van 5308 - Sepetiba x Santa Cruz": [],
    "Van 5309 - Santa Cruz x Base Aérea de Santa Cruz": [],
    "Van 5310 - São Benedito x Santa Cruz": [],
    "Van 5311 - Urucânia x Santa Cruz": [],
    "Van 5312 - Estrada do Furado x Santa Cruz": [],
    "Van 5313 - Paruar x Santa Cruz": [],
    "Van 5314 - Jardim Cinco Marias x Pingo D'Água": [],
    "Van 5315 - Capoeira Grande x Pedra de Guaratiba": [],
    "Van 5316 - Macapá x Lote 14": [],
    "Van 5317 - Jesuítas x Santa Veridiana": [],
    "Van 5318 - Horto Florestal x Santa Cruz": [],
    "Van 5319 - Cesarinho x Zona Industrial": [],
    "Van 5320 - Venda de Varanda x Paciência": [],
    "Van 5321 - Vila Paciência x Santa Cruz": [],
    "Van 5322 - Manguariba x Santa Cruz": [],
    "Van 5323 - Cosmos x Santa Cruz": [],
    "Van 5324 - Antares x Santa Cruz": [],
    "7001 – Éden x Parque Araruama": [],
    "7002 – São João x Shopping Grande Rio": [],
    "7003 – São João x Vilar dos Teles": [],
    "7004 – Matadouro x Shopping Grande Rio": [],
    "7005 – Grande Rio x Shopping Grande Rio": [],
    "7006 – Vale do Ipê x Belford Roxo": [],
    "7007 – São João x Parque Araruama": [],
    "7011 – São João x Bacia": [],
    "7015 – Vale do Ipê x Belford Roxo": [],
    "7017 – Jardim Redentor x Belford Roxo": [],
    "7018 – Jardim Noia x Shopping Grande Rio": [],
    "7018B – Jardim Noia x Shopping Grande Rio": [],
    "7019 – Nova Iguaçu x Jardim Tropical": [],
    "Barca Praça XV x Praça Arariboia": [],
    "Barca Praça XV x Paquetá": [],
    "Barca Praça XV x Charitas": [],
    "Barca Praça XV x Cocotá": [],
    "Barca Mangaratiba x Ilha Grande": [],
    "Barca Angra dos Reis x Ilha Grande": [],
    "Recantus x Belford Roxo": [],
    "BRT Gentileza x Galeão": [],
    "Barreira x Citrolândia": [],
    "Guapimirim x Citrolândia": [],
    "Jardim Guapimirim x Caneca Fina": [],
    "Jardim Guapimirim x Parque da Caneca Fina": [],
    "Parada Modelo x Barreira": [],
    "Paraíso x Limoeiro": [],
    "Parque Santa Eugênia x Guapimirim": [],
    "Iconha x Parque Santa Eugênia": [],
    "Vila Olímpia x Guapimirim": [],
    "Metrô na Superfície": [],
    "Vila Norma x Coelho da Rocha": [],
    "São João de Meriti x Caixa d’Água": [],
    "Trem Ramal Deodoro": [],
    "Trem Ramal Santa Cruz": [],
    "Trem Ramal Japeri": [],
    "Trem Ramal Belford Roxo": [],
    "Trem Ramal Saracuruna": [],
    "Trem Extensão Paracambi": [],
    "Trem Extensão Vila Inhomirim": [],
    "Trem Extensão Guapimirim": [],
    "usernames": []
}
